{
  "name": "03-乐猪影视",
  "url": "http://www.lezhutv.com",
  "tihuan": "cnzz.com",
  "User": "空",
  "shouye": "1",
  "fenlei": "电视剧$/type/2-#电影$/type/1-#综艺$/type/3-#动漫$/type/4-#韩剧$/type/14-#美剧$/type/15-#其它$/type/16-",
  "houzhui": ".html",
  "shifouercijiequ": "0",
  "jiequqian": "空",
  "jiequhou": "空",
  "jiequshuzuqian": "class=\"vbox\"",
  "jiequshuzuhou": "</a>",
  "tupianqian": "data-original=\"",
  "tupianhou": "\"",
  "biaotiqian": "title=\"",
  "biaotihou": "\"",
  "lianjieqian": "href=\"",
  "lianjiehou": "\"",
  "sousuoqian": "/search-pg-1-wd-",
  "sousuohou": ".html",
  "sousuohouzhui": "/detail/",
  "ssmoshi": "1",
  "sousuoshifouercijiequ": "0",
  "jspic": "空",
  "jsname": "空",
  "jsid": "空",
  "ssjiequqian": "空",
  "ssjiequhou": "空",
  "ssjiequshuzuqian": "class=\"vbox\"",
  "ssjiequshuzuhou": "</a>",
  "sstupianqian": "data-original=\"",
  "sstupianhou": "\"",
  "ssbiaotiqian": "title=\"",
  "ssbiaotihou": "\"",
  "sslianjieqian": "href=\"",
  "sslianjiehou": "\"",
  "bfshifouercijiequ": "0",
  "bfjiequqian": "空",
  "bfjiequhou": "空",
  "bfjiequshuzuqian": "class=\"list_block show\"",
  "bfjiequshuzuhou": "</ul>",
  "zhuangtaiqian": "class=\"yac\">",
  "zhuangtaihou": "</p>",
  "daoyanqian": "导演：</span>",
  "daoyanhou": "</p>",
  "zhuyanqian": "主演：</span>",
  "zhuyanhou": "</p>",
  "juqingqian": "class=\"tbox_js\">",
  "juqinghou": "</div>",
  "bfyshifouercijiequ": "0",
  "bfyjiequqian": "空",
  "bfyjiequhou": "空",
  "bfyjiequshuzuqian": "<li>",
  "bfyjiequshuzuhou": "</li>",
  "bfbiaotiqian": "\">",
  "bfbiaotihou": "</a>",
  "bflianjieqian": "href=\"",
  "bflianjiehou": "\""
}