{
    "author": "",
    "ua": "",
    "homeUrl": "https://www.tootw.com/",
    "dcVipFlag": "true",
    "pCfgJs": "https://www.tootw.com/static/js/playerconfig.js",
   "pCfgJsR": "MacPlayerConfig.player_list=([\\w\\W]*?),MacPlayerConfig.downer_list=",
    "dcShow2Vip": {},
    "dcPlayUrl": "true",
    "cateManual": {
        "电影": "1",
        "剧集": "2",
        "综艺": "3",
        "动漫": "4",
        "MV":"34"
    },
    "homeVodNode": "//div[@class='module-items module-poster-items-base ']/a",
    "homeVodName": "/@title",
    "homeVodId": "/@href",
    "homeVodIdR": "",
    "homeVodImg": "//div[@class='module-item-pic']/img/@data-original",
    "homeVodImgR": "",
    "homeVodMark": "//div[@class='module-item-note']/text()",
    "cateUrl": "https://www.tootw.com/index.php/vod/show/id/{cateId}/page/{catePg}.html",
    "cateVodNode": "//div[@class='module-items module-poster-items-base ']/a",
    "cateVodName": "/@title",
    "cateVodId": "/@href",
    "cateVodIdR": "/(.+).html",
    "cateVodImg": "//div[@class='module-item-pic']/img/@data-original",
    "cateVodImgR": "",
    "cateVodMark": "//div[@class='module-item-note']/text()",
    "dtUrl": "https://www.tootw.com/{vid}.html",
        "dtNode": "//div[@class='module module-info']",
    "dtName": "//div[@class='module-info-main']/div[@class='module-info-heading']/h1/text()",
    "dtNameR": "",
    "dtImg": "//div[@class='module-info-poster']//div[@class='module-item-pic']/img/@data-original",
    "dtImgR": "\\S+(http\\S+)",
    "dtCate": "//div[@class='module-info-tag']//div[@class='module-info-tag-link'][3]/following-sibling::*/text()",
    "dtYear": "//div[@class='module-info-tag']//div[@class='module-info-tag-link'][1]/following-sibling::a/text()",
    "dtArea": "//div[@class='module-info-tag']//div[@class='module-info-tag-link'][2]/following-sibling::a/text()",
    "dtActor": "//div[@class='module-info-items']//span[contains(@class,'module-info-item-title') and contains(text(), '主演：')]/following-sibling::div/a/text()",
    "dtDirector": "//div[@class='module-info-items']//span[contains(@class,'module-info-item-title') and contains(text(), '导演：')]/following-sibling::div/a/text()",
    "dtDesc": "//div[@class='module-info-introduction-content']/p/text()",
  
  // Playlist ========================================================
  
  "dtFromNode": "//div[contains(@class,'module-tab-items')]/div[2]/div/span",
  "dtFromName": "/text()",
  "dtFromNameR": "",
  "dtUrlNode": "//div[@class='module-play-list']",
  "dtUrlSubNode": "/div/a",
  "dtUrlId": "/@href",
  "dtUrlIdR": "/index.php/vod/play/id/(\\S+).html",
  "dtUrlName": "/span/text()",
"dtUrlNameR": "",
    "playUrl": "https://www.tootw.com/index.php/vod/play/id/{playUrl}.html",
    "playUa": "",
    "searchUrl": "https://www.tootw.com/index.php/vod/search.html?wd={wd}",
"scVodNode": "//div[@class='module-items module-card-items']/div/a",
    "scVodName": "//div[@class='module-item-pic']/img/@alt",
    "scVodId": "/@href",
    "scVodIdR": "/(.+).html",
    "scVodImg": "//div[@class='module-item-pic']/img/@data-original",
    "scVodImgR": "",
    "scVodMark": "//div[@class='module-item-note']/text()"
}
