{
"classes": [
{"type_name":"足球","type_id":"足球"},
{"type_name":"演唱会","type_id":"演唱会"},
{"type_name":"相声小品","type_id":"相声小品"},
{"type_name":"动物世界","type_id":"动物世界"},
{"type_name":"学前","type_id":"学前"},
{"type_name":"小学","type_id":"小学"},
{"type_name":"初中","type_id":"初中"},
{"type_name":"高中","type_id":"高中"}
],

"filter": {
"足球": [
{"key": "tid","name": "分类","value": [
{"n": "全部","v": "足球"},
{"n": "托雷斯","v": "托雷斯"},
{"n": "C罗","v": "C罗"},
{"n": "天下足球","v": "天下足球"},
{"n": "亨利","v": "亨利"},
{"n": "姆巴佩","v": "姆巴佩"},
{"n": "齐达内","v": "齐达内"},
{"n": "欧冠","v": "欧冠"},
{"n": "世界杯","v": "世界杯"},
{"n": "斯诺克","v": "斯诺克"},
{"n": "高尔夫","v": "高尔夫"}
]},
{"key": "duration","name": "时长","value": [
{"n": "全部","v": "0"},
{"n": "60分钟以上","v": "4"},
{"n": "30~60分钟","v": "3"},
{"n": "10~30分钟","v": "2"},
{"n": "10分钟以下","v": "1"}
]}
],

"相声小品": [
{"key": "tid","name": "分类","value": [
{"n": "全部","v": "相声小品"},
{"n": "单口相声","v": "单口相声"},
{"n": "群口相声","v": "群口相声"},
{"n": "郭德纲","v": "郭德纲"},
{"n": "岳云鹏","v": "岳云鹏"},
{"n": "春晚小品","v": "春晚小品"},
{"n": "赵本山","v": "赵本山"},
{"n": "陈佩斯","v": "陈佩斯"},
{"n": "冯巩","v": "冯巩"},
{"n": "郭达","v": "郭达"},
{"n": "潘长江","v": "潘长江"},
{"n": "喜剧综艺","v": "喜剧综艺"}
]},
{"key": "duration","name": "时长","value": [
{"n": "全部","v": "0"},
{"n": "60分钟以上","v": "4"},
{"n": "30~60分钟","v": "3"},
{"n": "10~30分钟","v": "2"},
{"n": "10分钟以下","v": "1"}
]}
],

"动物世界": [
{"key": "duration","name": "时长","value": [
{"n": "全部","v": "0"},
{"n": "60分钟以上","v": "4"},
{"n": "30~60分钟","v": "3"},
{"n": "10~30分钟","v": "2"},
{"n": "10分钟以下","v": "1"}
]}
],

"演唱会": [
{"key": "tid","name": "分类","value": [
{"n": "全部","v": "演唱会"},
{"n": "Beyond","v": "Beyond"},
{"n": "taeyeon","v": "taeyeon"},
{"n": "张学友","v": "张学友"},
{"n": "刘德华","v": "刘德华"},
{"n": "谭咏麟","v": "谭咏麟"},
{"n": "张国荣","v": "张国荣"},
{"n": "梅艳芳","v": "梅艳芳"},
{"n": "韩红","v": "韩红"},
{"n": "王杰","v": "王杰"},
{"n": "逃跑计划","v": "逃跑计划"},
{"n": "迈克尔杰克逊","v": "迈克尔杰克逊"}
]},
{"key": "duration","name": "时长","value": [
{"n": "全部","v": "0"},
{"n": "60分钟以上","v": "4"},
{"n": "30~60分钟","v": "3"},
{"n": "10~30分钟","v": "2"},
{"n": "10分钟以下","v": "1"}
]}
],

"学前": [
{"key": "tid","name": "分类","value": [
{"n": "全部","v": "学前"},
{"n": "儿童启蒙故事","v": "儿童启蒙故事"},
{"n": "儿童英语启蒙","v": "儿童英语启蒙"},
{"n": "儿童睡前故事","v": "儿童睡前故事"},
{"n": "儿童安全教育","v": "儿童安全教育"},
{"n": "儿童音乐","v": "儿童音乐"},
{"n": "儿童动画","v": "儿童动画"}
]},
{"key": "duration","name": "时长","value": [
{"n": "全部","v": "0"},
{"n": "60分钟以上","v": "4"},
{"n": "30~60分钟","v": "3"},
{"n": "10~30分钟","v": "2"},
{"n": "10分钟以下","v": "1"}
]}
],

"小学": [
{"key": "tid","name": "分类","value": [
{"n": "全部","v": "小学"},
{"n": "1年级","v": "1年级"},
{"n": "2年级","v": "2年级"},
{"n": "3年级","v": "3年级"},
{"n": "4年级","v": "4年级"},
{"n": "5年级","v": "5年级"},
{"n": "6年级","v": "6年级"}
]},

{"key": "duration","name": "时长","value": [
{"n": "全部","v": "0"},
{"n": "60分钟以上","v": "4"},
{"n": "30~60分钟","v": "3"},
{"n": "10~30分钟","v": "2"},
{"n": "10分钟以下","v": "1"}
]}
],

"初中": [
{"key": "tid","name": "分类","value": [
{"n": "全部","v": "初中"},
{"n": "7年级","v": "7年级"},
{"n": "8年级","v": "8年级"},
{"n": "9年级","v": "9年级"}
]},
{"key": "duration","name": "时长","value": [
{"n": "全部","v": "0"},
{"n": "60分钟以上","v": "4"},
{"n": "30~60分钟","v": "3"},
{"n": "10~30分钟","v": "2"},
{"n": "10分钟以下","v": "1"}
]}
],

"高中": [
{"key": "tid","name": "分类","value": [
{"n": "全部","v": "高中"},
{"n": "高一","v": "高一"},
{"n": "高二","v": "高二"},
{"n": "高三","v": "高三"},
{"n": "高中信息技术","v": "高中信息技术"}
]},
{"key": "duration","name": "时长","value": [
{"n": "全部","v": "0"},
{"n": "60分钟以上","v": "4"},
{"n": "30~60分钟","v": "3"},
{"n": "10~30分钟","v": "2"},
{"n": "10分钟以下","v": "1"}]}
]
}
}