{
    "title": "555影视",
    "author": "香雅情",
    "UserAgent":"",
    "firstpage": "1",
    "class_url": "https://www.o8tv.com/vodshow/{cateId}--------{catePg}---.html",
    "class_name": "电影&电视剧&动漫&综艺&热门电视剧&港台剧&日韩剧&欧美剧",
    "class_value": "1&2&4&3&13&15&44&45",
    "filterdata":"",
    "cat_YN_twice": "1",
    "cat_twice_pre": "class=\"module-items",
    "cat_twice_suf": "<div id=\"page",
    "cat_arr_pre": "<a",
    "cat_arr_suf": "</a>",
    "cat_pic": "data-original=\"&&\"",
    "cat_title": "title=\"&&\"",
    "cat_subtitle": "module-item-note\">&&<",
    "cat_url": "href=\"&&\"",
    "cat_prefix": "https://www.o8tv.com",
    "cat_suffix": "",
    "search_url": "https://www.o8tv.com/index.php/ajax/suggest?mid=1&wd={wd}&limit=50",
    "search_mode": "0",
    "jsonpic": "pic",
    "jsonname": "name",
    "jsonid": "id",
    "jsonstitle":"",
    "sea_YN_twice": "",
    "sea_twice_pre": "",
    "sea_twice_suf": "",
    "sea_arr_pre": "",
    "sea_arr_suf": "",
    "sea_pic": "",
    "sea_title": "",
    "sea_url": "",
    "search_prefix": "https://www.o8tv.com/voddetail/",
    "search_suffix": ".html",
    "sea_subtitle": "",
    "force_play": "0",
    "play_prefix": "空",
    "play_suffix": "空",
    "play_header": "空",
    "proj_actor": "空",
    "proj_plot": "class=\"module-info-introduction-content&&</div>",
    "tab_YN_twice": "0",
    "tab_twice_pre": "",
    "tab_twice_suf": "",
    "tab_arr_pre": "<div class=\"module-tab-item tab-item",
    "tab_arr_suf": "</div>",
    "tab_title": "<span>&&</span>",
    "list_YN_twice": "0",
    "list_twice_pre": "空",
    "list_twice_suf": "空",
    "list_arr_pre": "class=\"module-play-list-content",
    "list_arr_suf": "</div>",
    "epi_YN_twice": "0",
    "epi_twice_pre": "空",
    "epi_twice_suf": "空",
    "epi_arr_pre": "<a",
    "epi_arr_suf": "/a>",
    "epi_title": "<span>&&<",
    "epi_url": "href=\"&&\"",
    "epiurl_prefix": "https://www.o8tv.com",
    "epiurl_suffix": ""    
}